--------------------------------------------------------
-- Archivo creado  - sábado-marzo-25-2017   
--------------------------------------------------------
--------------------------------------------------------
--  DDL for Table AC_ALUMNOS
--------------------------------------------------------

  CREATE TABLE "SYSTEM"."AC_ALUMNOS" 
   (	"CODALUMN" NUMBER, 
	"NOMBRE" VARCHAR2(30 BYTE), 
	"TELEFONO" VARCHAR2(20 BYTE), 
	"DIRECCION" VARCHAR2(50 BYTE), 
	"NACIMIENTO" VARCHAR2(20 BYTE), 
	"EDAD" NUMBER, 
	"MATRICULA" VARCHAR2(5 BYTE)
   ) PCTFREE 10 PCTUSED 40 INITRANS 1 MAXTRANS 255 NOCOMPRESS LOGGING
  STORAGE(INITIAL 65536 NEXT 1048576 MINEXTENTS 1 MAXEXTENTS 2147483645
  PCTINCREASE 0 FREELISTS 1 FREELIST GROUPS 1 BUFFER_POOL DEFAULT FLASH_CACHE DEFAULT CELL_FLASH_CACHE DEFAULT)
  TABLESPACE "SYSTEM" ;
--------------------------------------------------------
--  DDL for Table AC_ASIGNATURAS
--------------------------------------------------------

  CREATE TABLE "SYSTEM"."AC_ASIGNATURAS" 
   (	"CODASIG" NUMBER, 
	"NOMBREASIG" VARCHAR2(40 BYTE), 
	"PRECIO" NUMBER
   ) PCTFREE 10 PCTUSED 40 INITRANS 1 MAXTRANS 255 NOCOMPRESS LOGGING
  STORAGE(INITIAL 65536 NEXT 1048576 MINEXTENTS 1 MAXEXTENTS 2147483645
  PCTINCREASE 0 FREELISTS 1 FREELIST GROUPS 1 BUFFER_POOL DEFAULT FLASH_CACHE DEFAULT CELL_FLASH_CACHE DEFAULT)
  TABLESPACE "SYSTEM" ;
--------------------------------------------------------
--  DDL for Table AC_CLASES
--------------------------------------------------------

  CREATE TABLE "SYSTEM"."AC_CLASES" 
   (	"CODALUMN" VARCHAR2(20 BYTE), 
	"CODPROFE" VARCHAR2(20 BYTE), 
	"CODASIG" VARCHAR2(20 BYTE), 
	"AULA" VARCHAR2(20 BYTE)
   ) PCTFREE 10 PCTUSED 40 INITRANS 1 MAXTRANS 255 NOCOMPRESS LOGGING
  STORAGE(INITIAL 65536 NEXT 1048576 MINEXTENTS 1 MAXEXTENTS 2147483645
  PCTINCREASE 0 FREELISTS 1 FREELIST GROUPS 1 BUFFER_POOL DEFAULT FLASH_CACHE DEFAULT CELL_FLASH_CACHE DEFAULT)
  TABLESPACE "SYSTEM" ;
--------------------------------------------------------
--  DDL for Table AC_PROFESORES
--------------------------------------------------------

  CREATE TABLE "SYSTEM"."AC_PROFESORES" 
   (	"CODPROFE" NUMBER, 
	"NOMBRE" VARCHAR2(40 BYTE), 
	"DIRECCION" VARCHAR2(40 BYTE), 
	"DNI" VARCHAR2(20 BYTE), 
	"TELEFONO" VARCHAR2(20 BYTE), 
	"FECHA" DATE, 
	"PUESTOFIJO" NUMBER(*,0), 
	"SUELDO" NUMBER
   ) PCTFREE 10 PCTUSED 40 INITRANS 1 MAXTRANS 255 NOCOMPRESS LOGGING
  STORAGE(INITIAL 65536 NEXT 1048576 MINEXTENTS 1 MAXEXTENTS 2147483645
  PCTINCREASE 0 FREELISTS 1 FREELIST GROUPS 1 BUFFER_POOL DEFAULT FLASH_CACHE DEFAULT CELL_FLASH_CACHE DEFAULT)
  TABLESPACE "SYSTEM" ;
REM INSERTING into SYSTEM.AC_ALUMNOS
SET DEFINE OFF;
Insert into SYSTEM.AC_ALUMNOS (CODALUMN,NOMBRE,TELEFONO,DIRECCION,NACIMIENTO,EDAD,MATRICULA) values ('1','Pepe','917458899','gran via 2','Madrid','30','M1');
Insert into SYSTEM.AC_ALUMNOS (CODALUMN,NOMBRE,TELEFONO,DIRECCION,NACIMIENTO,EDAD,MATRICULA) values ('2','Antonio',null,'algeciras 34','Caceres','24','M2');
Insert into SYSTEM.AC_ALUMNOS (CODALUMN,NOMBRE,TELEFONO,DIRECCION,NACIMIENTO,EDAD,MATRICULA) values ('3','Eva Mar¿a',null,'rotor 6','Madrid','45','M3');
Insert into SYSTEM.AC_ALUMNOS (CODALUMN,NOMBRE,TELEFONO,DIRECCION,NACIMIENTO,EDAD,MATRICULA) values ('4','Ram¿n','606185963','Bolta¿a 88','Caceres','22','M4');
Insert into SYSTEM.AC_ALUMNOS (CODALUMN,NOMBRE,TELEFONO,DIRECCION,NACIMIENTO,EDAD,MATRICULA) values ('5','Julio',null,'Alquezar 11','Badajoz','50','M5');
Insert into SYSTEM.AC_ALUMNOS (CODALUMN,NOMBRE,TELEFONO,DIRECCION,NACIMIENTO,EDAD,MATRICULA) values ('6','Andr¿s',null,'Parque Sur 5','Madrid','15','M6');
Insert into SYSTEM.AC_ALUMNOS (CODALUMN,NOMBRE,TELEFONO,DIRECCION,NACIMIENTO,EDAD,MATRICULA) values ('7','Bel¿n','914558877','Parque Norte 66','Sevilla','25','M7');
Insert into SYSTEM.AC_ALUMNOS (CODALUMN,NOMBRE,TELEFONO,DIRECCION,NACIMIENTO,EDAD,MATRICULA) values ('8','Cristina',null,'Leopoldo 7','Barcelona','32','M8');
Insert into SYSTEM.AC_ALUMNOS (CODALUMN,NOMBRE,TELEFONO,DIRECCION,NACIMIENTO,EDAD,MATRICULA) values ('9','Jorge',null,'Caceres 55','Segovia','36','M9');
Insert into SYSTEM.AC_ALUMNOS (CODALUMN,NOMBRE,TELEFONO,DIRECCION,NACIMIENTO,EDAD,MATRICULA) values ('10','Sandra',null,'Fernado Poo 66','Segovia','31','M10');
Insert into SYSTEM.AC_ALUMNOS (CODALUMN,NOMBRE,TELEFONO,DIRECCION,NACIMIENTO,EDAD,MATRICULA) values ('11','Fernando',null,'Aguila 2','Madrid','45','M11');
Insert into SYSTEM.AC_ALUMNOS (CODALUMN,NOMBRE,TELEFONO,DIRECCION,NACIMIENTO,EDAD,MATRICULA) values ('12','Guillermo',null,'Cartago 12','Madrid','34','M12');
Insert into SYSTEM.AC_ALUMNOS (CODALUMN,NOMBRE,TELEFONO,DIRECCION,NACIMIENTO,EDAD,MATRICULA) values ('13','Javier',null,'Coslada 3','Madrid','33','M13');
Insert into SYSTEM.AC_ALUMNOS (CODALUMN,NOMBRE,TELEFONO,DIRECCION,NACIMIENTO,EDAD,MATRICULA) values ('14','Ana Mar¿a','914775859','Jacinto 33','Bilbao','32','M14');
REM INSERTING into SYSTEM.AC_ASIGNATURAS
SET DEFINE OFF;
Insert into SYSTEM.AC_ASIGNATURAS (CODASIG,NOMBREASIG,PRECIO) values ('1','Excel','22');
Insert into SYSTEM.AC_ASIGNATURAS (CODASIG,NOMBREASIG,PRECIO) values ('2','Access','22');
Insert into SYSTEM.AC_ASIGNATURAS (CODASIG,NOMBREASIG,PRECIO) values ('3','SQL-Server','35');
Insert into SYSTEM.AC_ASIGNATURAS (CODASIG,NOMBREASIG,PRECIO) values ('4','Visual Basic','45');
Insert into SYSTEM.AC_ASIGNATURAS (CODASIG,NOMBREASIG,PRECIO) values ('5','Oracle','40');
Insert into SYSTEM.AC_ASIGNATURAS (CODASIG,NOMBREASIG,PRECIO) values ('6','HTML','20');
Insert into SYSTEM.AC_ASIGNATURAS (CODASIG,NOMBREASIG,PRECIO) values ('7','Word','22');
Insert into SYSTEM.AC_ASIGNATURAS (CODASIG,NOMBREASIG,PRECIO) values ('8','PowerPoint','22');
REM INSERTING into SYSTEM.AC_CLASES
SET DEFINE OFF;
Insert into SYSTEM.AC_CLASES (CODALUMN,CODPROFE,CODASIG,AULA) values ('1','1','1','1');
Insert into SYSTEM.AC_CLASES (CODALUMN,CODPROFE,CODASIG,AULA) values ('2','1','1','1');
Insert into SYSTEM.AC_CLASES (CODALUMN,CODPROFE,CODASIG,AULA) values ('3','1','1','1');
Insert into SYSTEM.AC_CLASES (CODALUMN,CODPROFE,CODASIG,AULA) values ('4','1','1','1');
Insert into SYSTEM.AC_CLASES (CODALUMN,CODPROFE,CODASIG,AULA) values ('5','2','2','2');
Insert into SYSTEM.AC_CLASES (CODALUMN,CODPROFE,CODASIG,AULA) values ('6','2','2','2');
Insert into SYSTEM.AC_CLASES (CODALUMN,CODPROFE,CODASIG,AULA) values ('7','2','2','2');
Insert into SYSTEM.AC_CLASES (CODALUMN,CODPROFE,CODASIG,AULA) values ('1','2','3','1');
Insert into SYSTEM.AC_CLASES (CODALUMN,CODPROFE,CODASIG,AULA) values ('2','2','3','1');
Insert into SYSTEM.AC_CLASES (CODALUMN,CODPROFE,CODASIG,AULA) values ('3','2','3','1');
Insert into SYSTEM.AC_CLASES (CODALUMN,CODPROFE,CODASIG,AULA) values ('10','5','5','2');
Insert into SYSTEM.AC_CLASES (CODALUMN,CODPROFE,CODASIG,AULA) values ('11','5','5','2');
Insert into SYSTEM.AC_CLASES (CODALUMN,CODPROFE,CODASIG,AULA) values ('12','5','5','2');
Insert into SYSTEM.AC_CLASES (CODALUMN,CODPROFE,CODASIG,AULA) values ('13','3','8','1');
Insert into SYSTEM.AC_CLASES (CODALUMN,CODPROFE,CODASIG,AULA) values ('14','3','8','2');
Insert into SYSTEM.AC_CLASES (CODALUMN,CODPROFE,CODASIG,AULA) values ('5','4','7','2');
Insert into SYSTEM.AC_CLASES (CODALUMN,CODPROFE,CODASIG,AULA) values ('13','4','2','2');
Insert into SYSTEM.AC_CLASES (CODALUMN,CODPROFE,CODASIG,AULA) values ('12','2','4','1');
Insert into SYSTEM.AC_CLASES (CODALUMN,CODPROFE,CODASIG,AULA) values ('11','2','4','1');
Insert into SYSTEM.AC_CLASES (CODALUMN,CODPROFE,CODASIG,AULA) values ('10','2','4','1');
Insert into SYSTEM.AC_CLASES (CODALUMN,CODPROFE,CODASIG,AULA) values ('9','2','4','1');
Insert into SYSTEM.AC_CLASES (CODALUMN,CODPROFE,CODASIG,AULA) values ('8','2','4','1');
Insert into SYSTEM.AC_CLASES (CODALUMN,CODPROFE,CODASIG,AULA) values ('7','2','4','1');
Insert into SYSTEM.AC_CLASES (CODALUMN,CODPROFE,CODASIG,AULA) values ('1','5','8','2');
Insert into SYSTEM.AC_CLASES (CODALUMN,CODPROFE,CODASIG,AULA) values ('2','5','8','2');
Insert into SYSTEM.AC_CLASES (CODALUMN,CODPROFE,CODASIG,AULA) values ('3','5','8','2');
Insert into SYSTEM.AC_CLASES (CODALUMN,CODPROFE,CODASIG,AULA) values ('4','5','8','2');
Insert into SYSTEM.AC_CLASES (CODALUMN,CODPROFE,CODASIG,AULA) values ('5','5','8','2');
Insert into SYSTEM.AC_CLASES (CODALUMN,CODPROFE,CODASIG,AULA) values ('6','4','7','1');
Insert into SYSTEM.AC_CLASES (CODALUMN,CODPROFE,CODASIG,AULA) values ('6','4','2','1');
Insert into SYSTEM.AC_CLASES (CODALUMN,CODPROFE,CODASIG,AULA) values ('7','1','5','1');
Insert into SYSTEM.AC_CLASES (CODALUMN,CODPROFE,CODASIG,AULA) values ('8','1','5','1');
Insert into SYSTEM.AC_CLASES (CODALUMN,CODPROFE,CODASIG,AULA) values ('6','3','4','2');
Insert into SYSTEM.AC_CLASES (CODALUMN,CODPROFE,CODASIG,AULA) values ('7','3','4','2');
Insert into SYSTEM.AC_CLASES (CODALUMN,CODPROFE,CODASIG,AULA) values ('2','4','8','1');
Insert into SYSTEM.AC_CLASES (CODALUMN,CODPROFE,CODASIG,AULA) values ('1','5','2','2');
REM INSERTING into SYSTEM.AC_PROFESORES
SET DEFINE OFF;
Insert into SYSTEM.AC_PROFESORES (CODPROFE,NOMBRE,DIRECCION,DNI,TELEFONO,FECHA,PUESTOFIJO,SUELDO) values ('1','Jose Antonio','C/Simancas','51000001','1111111',to_date('23/08/75','DD/MM/RR'),'-1','1200');
Insert into SYSTEM.AC_PROFESORES (CODPROFE,NOMBRE,DIRECCION,DNI,TELEFONO,FECHA,PUESTOFIJO,SUELDO) values ('2','Eva','C/Gran via','51000002','2222222',to_date('04/05/68','DD/MM/RR'),'0','895');
Insert into SYSTEM.AC_PROFESORES (CODPROFE,NOMBRE,DIRECCION,DNI,TELEFONO,FECHA,PUESTOFIJO,SUELDO) values ('3','Juan Jose','C/Valverde','51000003','3333333',to_date('05/09/72','DD/MM/RR'),'0','1150');
Insert into SYSTEM.AC_PROFESORES (CODPROFE,NOMBRE,DIRECCION,DNI,TELEFONO,FECHA,PUESTOFIJO,SUELDO) values ('4','Ang¿lica','C/Rodellar','51000004','4444444',to_date('05/08/82','DD/MM/RR'),'-1','1350');
Insert into SYSTEM.AC_PROFESORES (CODPROFE,NOMBRE,DIRECCION,DNI,TELEFONO,FECHA,PUESTOFIJO,SUELDO) values ('5','Tito','C/Betanzos','51000005','5555555',to_date('05/09/74','DD/MM/RR'),'-1','1180');
--------------------------------------------------------
--  DDL for Index AC_ASIGNATURAS_PK
--------------------------------------------------------

  CREATE UNIQUE INDEX "SYSTEM"."AC_ASIGNATURAS_PK" ON "SYSTEM"."AC_ASIGNATURAS" ("CODASIG") 
  PCTFREE 10 INITRANS 2 MAXTRANS 255 
  STORAGE(INITIAL 65536 NEXT 1048576 MINEXTENTS 1 MAXEXTENTS 2147483645
  PCTINCREASE 0 FREELISTS 1 FREELIST GROUPS 1 BUFFER_POOL DEFAULT FLASH_CACHE DEFAULT CELL_FLASH_CACHE DEFAULT)
  TABLESPACE "SYSTEM" ;
--------------------------------------------------------
--  Constraints for Table AC_ALUMNOS
--------------------------------------------------------

  ALTER TABLE "SYSTEM"."AC_ALUMNOS" MODIFY ("CODALUMN" NOT NULL ENABLE);
--------------------------------------------------------
--  Constraints for Table AC_ASIGNATURAS
--------------------------------------------------------

  ALTER TABLE "SYSTEM"."AC_ASIGNATURAS" ADD CONSTRAINT "AC_ASIGNATURAS_PK" PRIMARY KEY ("CODASIG")
  USING INDEX PCTFREE 10 INITRANS 2 MAXTRANS 255 
  STORAGE(INITIAL 65536 NEXT 1048576 MINEXTENTS 1 MAXEXTENTS 2147483645
  PCTINCREASE 0 FREELISTS 1 FREELIST GROUPS 1 BUFFER_POOL DEFAULT FLASH_CACHE DEFAULT CELL_FLASH_CACHE DEFAULT)
  TABLESPACE "SYSTEM"  ENABLE;
  ALTER TABLE "SYSTEM"."AC_ASIGNATURAS" MODIFY ("CODASIG" NOT NULL ENABLE);
